userId,name
0,ana
186,marcos
244,carlos87
166,rodrigo
115,camila
253,pedro
305,gustavo72
6,juliana90
286,rodrigo
200,bruno1
210,lucas44
224,marcos
303,rafael
122,andre
194,patricia6
291,bruno49
119,pedro81
167,eduardo47
299,karla
308,pedro
95,paulo11
38,paulo49
102,marcos
63,patricia
160,patricia
50,marcos88
301,pedro22
225,rodrigo21
290,bruno
97,rodrigo
157,rafael8
278,paulo41
276,andre
7,juliana73
10,rafael
284,aline
201,bruno
287,carlos
242,rodrigo96
249,karla
99,karla
178,paulo18
251,gustavo
81,maria20
260,lucas55
25,eduardo
59,andre60
87,gustavo
42,rodrigo2
20,ana69
13,marcos44
138,ana
60,lucas
57,marcos98
223,lucas14
243,fernanda65
92,eduardo
246,patricia70
241,gustavo77
254,rafael
293,ana40
127,paulo
222,karla11
267,aline98
11,rodrigo17
8,aline22
162,marcos78
279,camila70
145,juliana52
62,patricia
28,gustavo
135,paulo
32,rafael
90,rodrigo
216,paulo
250,maria
271,maria10
265,gustavo
198,aline
58,carlos74
237,karla
94,aline25
128,ana
298,camila
44,camila
264,maria83
72,ana
41,rafael14
82,paulo
262,rodrigo
174,camila
84,bruno
269,pedro
259,rodrigo
85,rodrigo12
213,paulo
121,aline
155,andre22
68,andre
19,andre
268,bruno
5,rodrigo63
43,carlos
80,juliana75
66,rodrigo
18,rafael
26,karla
130,gustavo
256,gustavo
56,lucas
15,pedro31
207,andre
232,karla
181,eduardo
52,pedro
161,karla41
125,marcos
83,rafael
272,andre
110,fernanda
151,pedro
54,eduardo13
16,pedro65
91,marcos
294,patricia32
229,patricia
36,bruno91
70,fernanda84
14,gustavo
295,rodrigo
233,ana18
214,marcos
192,ana20
100,marcos
307,juliana27
234,marcos33
297,maria
193,camila6
113,joao
275,carlos34
189,lucas71
219,camila15
218,pedro89
123,carlos48
302,karla56
23,carlos
296,patricia6
33,patricia
154,paulo46
77,rodrigo53
270,eduardo31
187,lucas23
170,camila
101,rafael53
184,paulo
1,ana
112,maria29
133,juliana59
215,patricia
104,paulo
240,juliana
144,marcos99
191,marcos
61,gustavo
177,rodrigo
49,joao
203,marcos
21,marcos
197,eduardo
134,rafael
236,gustavo
263,karla
109,maria1
64,gustavo69
114,juliana
239,pedro43
117,eduardo
65,ana39
137,gustavo
257,camila
111,fernanda25
285,camila49
96,lucas39
116,andre1
73,fernanda
221,camila78
235,rafael
164,bruno66
281,aline95
182,lucas37
129,gustavo80
45,rafael
131,paulo29
230,juliana
126,maria
231,aline99
280,pedro
288,karla
152,andre
217,paulo
79,joao99
75,ana29
245,lucas90
22,gustavo
282,rodrigo
78,ana
118,bruno72
171,eduardo
107,bruno93
306,gustavo
173,rodrigo
185,lucas61
150,bruno
292,paulo36
274,gustavo
188,paulo
48,pedro31
311,marcos
165,rodrigo
208,carlos
2,carlos9
205,camila
248,rodrigo
93,maria
159,camila
146,karla3
29,karla
158,joao39
156,andre54
168,rodrigo70
37,eduardo63
141,paulo
195,aline
108,rafael52
47,lucas17
69,eduardo51
255,karla4
89,pedro18
140,bruno
190,marcos
24,juliana
196,rafael49
226,marcos54
180,marcos61
17,joao7
313,patricia
148,pedro84
283,maria32
53,juliana80
124,carlos
149,aline73
176,juliana
106,marcos22
312,eduardo96
175,ana21
172,fernanda
220,joao74
143,andre
199,juliana
202,paulo
206,fernanda77
314,ana73
136,maria
179,camila9
4,gustavo2
304,camila14
3,camila82
277,bruno56
252,lucas84
76,marcos69
212,aline
310,karla
105,paulo12
34,marcos32
71,bruno86
204,andre
315,aline24
31,aline
316,marcos
142,eduardo36
227,rodrigo
30,juliana
120,camila
318,paulo83
289,aline
261,joao
88,paulo
9,paulo
247,karla
103,rodrigo55
321,rodrigo
266,bruno
74,marcos
238,juliana
319,rodrigo89
147,lucas
67,aline
211,karla68
98,eduardo
12,ana38
40,paulo
258,fernanda
209,rodrigo
228,maria71
323,fernanda17
325,aline
320,joao61
326,aline
327,lucas33
183,aline
328,pedro
46,pedro88
322,maria
330,karla11
27,paulo
331,camila80
332,paulo49
329,bruno39
86,karla40
139,karla79
300,ana27
163,juliana
333,pedro
334,lucas21
39,joao
324,eduardo
132,maria
336,fernanda59
335,pedro34
169,karla26
338,camila
339,paulo35
309,carlos
35,lucas77
342,karla57
51,ana
317,fernanda35
341,gustavo57
343,pedro56
344,rafael4
345,pedro
346,karla3
347,marcos98
340,lucas
273,bruno24
55,karla
349,aline61
348,patricia
354,rafael21
351,rafael
358,aline
360,andre71
363,maria
355,rafael
362,ana52
357,gustavo1
356,rodrigo
361,maria
365,patricia64
352,bruno27
153,marcos37
367,bruno63
371,ana
373,eduardo91
370,lucas
374,joao12
350,paulo15
372,bruno83
337,carlos
378,fernanda35
377,camila61
359,paulo
379,carlos
380,eduardo18
381,pedro
375,camila
385,gustavo
382,joao
387,fernanda75
364,aline58
366,rodrigo
369,rafael70
388,andre
389,rafael90
383,paulo30
390,camila
393,aline49
368,andre84
392,carlos
376,maria
394,karla
391,ana57
398,ana59
399,joao53
396,carlos
401,marcos
384,andre43
353,rodrigo
403,rafael98
405,aline5
397,eduardo
400,fernanda96
406,pedro
402,ana91
407,ana
409,fernanda6
404,rafael38
395,patricia
413,carlos
416,camila24
408,lucas
410,eduardo80
417,paulo
412,karla
420,bruno59
422,marcos60
411,fernanda21
425,pedro
419,patricia39
415,camila59
423,fernanda
429,andre14
427,paulo
418,patricia90
432,fernanda
424,andre
421,karla96
433,maria96
428,aline37
426,paulo46
436,paulo80
435,marcos93
430,carlos81
434,maria
437,bruno
386,patricia12
438,fernanda
431,camila
442,carlos47
440,gustavo35
445,lucas
447,aline38
449,rafael60
450,pedro
446,paulo93
439,andre72
451,patricia
452,andre
454,rodrigo
453,patricia87
414,marcos82
455,patricia
448,paulo
456,eduardo72
444,rafael29
458,pedro60
457,fernanda15
462,carlos
459,maria
460,aline
467,paulo18
468,andre
466,rodrigo
472,carlos84
465,ana79
461,camila36
463,maria28
471,bruno
474,paulo13
469,patricia83
464,patricia
476,marcos
478,ana59
473,pedro83
470,eduardo7
480,rafael
441,carlos27
479,pedro71
484,juliana30
486,rafael77
487,joao
482,carlos70
481,marcos15
493,joao
492,patricia31
490,karla
483,lucas
489,carlos68
496,ana61
494,bruno66
495,karla
477,gustavo
497,eduardo
488,gustavo
498,joao
499,aline55
491,ana
500,bruno
502,pedro
503,carlos
505,marcos75
506,rodrigo49
504,eduardo59
443,gustavo13
507,ana84
514,rodrigo28
508,camila
511,paulo
515,bruno
512,ana
513,rafael48
475,carlos61
523,pedro
518,pedro
509,ana48
516,carlos76
510,rodrigo86
501,ana
525,camila93
521,maria77
524,fernanda
520,karla20
528,aline
532,ana
530,rodrigo
531,marcos55
529,rodrigo80
517,eduardo72
527,joao85
485,marcos
519,marcos40
533,rafael
535,lucas73
537,andre
536,joao
534,gustavo
541,camila
538,lucas
542,rafael73
526,eduardo
545,maria
539,eduardo
547,pedro
543,camila
548,bruno
546,juliana15
522,patricia
551,fernanda76
544,aline40
553,maria
552,eduardo
554,juliana
550,juliana98
556,marcos
559,ana
540,camila
561,andre30
560,gustavo86
563,patricia
557,maria
558,bruno41
564,karla
566,andre54
565,fernanda
573,joao22
549,eduardo
567,patricia
569,ana
562,karla
576,pedro
577,fernanda29
579,rafael10
574,gustavo68
572,gustavo
575,patricia
584,carlos
588,carlos
587,lucas98
568,pedro
586,aline
585,karla58
582,karla80
591,rafael81
555,rafael
592,pedro
580,fernanda76
590,maria
593,pedro
583,bruno
596,patricia10
570,pedro65
599,andre
589,rodrigo95
594,maria
597,karla42
578,eduardo
601,carlos58
602,ana44
600,pedro23
605,maria
603,bruno68
595,gustavo47
606,patricia50
608,camila87
607,eduardo
610,rafael
611,ana50
618,fernanda
614,eduardo43
609,pedro19
615,patricia
616,andre
620,pedro
571,andre43
619,carlos95
617,gustavo
613,camila3
622,patricia
621,juliana
604,aline
624,carlos
612,fernanda13
627,gustavo95
628,gustavo
623,rafael80
625,carlos20
629,lucas
633,eduardo22
632,bruno
581,patricia31
631,bruno97
634,bruno
639,paulo
630,aline25
642,patricia74
637,bruno
626,fernanda65
643,gustavo
598,lucas78
638,carlos7
635,aline71
640,ana67
644,ana
636,lucas
645,gustavo
648,camila
647,paulo45
650,joao
651,andre31
654,andre48
653,paulo
655,ana84
649,rafael18
658,maria
656,aline18
660,aline
659,joao3
646,marcos
663,carlos94
664,eduardo15
657,fernanda
665,ana
666,camila80
661,bruno
667,aline3
668,gustavo92
673,carlos
662,joao31
671,karla
669,pedro47
676,pedro70
641,gustavo65
674,rodrigo
652,aline
677,andre33
682,joao
679,pedro
684,ana95
685,rafael
683,patricia83
691,lucas88
672,bruno62
692,lucas9
690,bruno
689,juliana
686,juliana41
693,fernanda70
688,aline
697,juliana
698,maria43
670,marcos
694,patricia
680,andre50
705,rafael64
701,aline
699,gustavo
704,pedro11
700,camila24
687,rodrigo
695,ana
708,fernanda
707,eduardo22
709,bruno
710,maria46
712,eduardo36
713,maria
715,andre
716,lucas19
711,eduardo57
681,maria
678,paulo47
719,patricia
702,karla
721,carlos48
714,patricia
717,pedro68
718,patricia
722,marcos
724,ana
727,lucas
725,andre16
706,marcos91
720,bruno
729,eduardo
675,aline
726,carlos58
728,lucas57
703,pedro41
738,patricia71
736,rodrigo
734,fernanda92
730,lucas66
743,paulo
742,juliana31
737,aline
733,rodrigo60
745,rodrigo
740,pedro
735,andre93
723,aline99
739,camila10
749,carlos83
748,pedro
747,gustavo
746,rodrigo24
731,carlos
696,maria67
741,carlos
751,lucas
750,paulo
756,gustavo11
757,marcos
752,rodrigo
758,fernanda12
732,gustavo76
762,karla
744,eduardo78
754,rafael73
753,maria4
763,pedro
764,karla
767,juliana54
769,eduardo64
755,rodrigo
771,fernanda
768,andre
765,pedro21
772,bruno
766,bruno
774,eduardo
760,rafael45
761,andre
777,patricia14
759,rafael
776,ana
780,paulo
773,maria
779,andre54
778,paulo21
782,rafael93
786,rafael
784,lucas
770,gustavo
788,fernanda
789,pedro65
790,bruno28
787,karla
783,maria
785,eduardo84
794,aline
781,joao56
796,carlos94
795,patricia47
793,maria
798,karla47
791,rodrigo
802,andre98
800,rodrigo
803,eduardo16
775,carlos51
804,patricia44
792,rodrigo97
799,carlos
805,gustavo
806,maria
807,carlos61
801,gustavo
809,eduardo18
815,rafael41
817,lucas
821,eduardo39
818,karla
814,gustavo91
812,karla
823,joao
825,ana75
827,fernanda93
829,joao34
811,karla93
830,maria22
826,gustavo80
831,andre
808,paulo
828,ana
835,bruno
833,carlos
836,juliana
816,eduardo95
838,maria67
839,juliana85
840,aline41
819,lucas
832,rodrigo
810,patricia93
844,marcos25
843,paulo
834,fernanda
846,fernanda91
837,juliana63
813,rafael
842,rodrigo93
847,marcos
848,karla49
822,andre99
852,carlos
851,fernanda11
849,patricia84
854,marcos28
850,juliana35
858,rodrigo18
853,ana76
855,paulo
824,gustavo
797,paulo
845,camila
841,aline
859,carlos
856,rodrigo21
820,camila61
863,aline97
860,fernanda
857,maria12
864,karla
865,maria23
862,camila23
868,maria51
867,aline
870,fernanda2
871,fernanda14
875,rafael
876,rodrigo18
872,gustavo
866,juliana43
877,lucas83
861,marcos2
873,rafael73
880,juliana
878,andre66
869,rafael
881,ana
879,carlos
883,paulo
882,andre
884,marcos39
886,karla2
885,marcos89
889,paulo
892,ana
890,lucas
893,gustavo91
887,fernanda82
891,fernanda
894,paulo
896,carlos
897,bruno78
901,patricia
899,rodrigo97
903,rodrigo28
904,paulo77
907,pedro68
905,patricia
874,karla
902,rodrigo26
898,karla22
895,rafael57
906,ana92
900,karla
908,gustavo
916,maria
911,gustavo
912,karla
914,bruno40
919,joao
913,joao75
910,pedro
915,patricia70
922,maria9
918,aline
923,camila
928,carlos94
927,camila
921,andre
924,andre
929,rodrigo
917,patricia
932,rodrigo
909,carlos29
934,joao39
933,bruno70
935,camila30
938,paulo
940,carlos
888,ana
925,camila3
942,paulo
937,ana58
926,eduardo7
943,paulo52
939,bruno
936,juliana8
931,carlos38
920,paulo94
930,karla
941,eduardo42
